{
  "average_frame_build_time_millis": 0.5384508196721313,
  "90th_percentile_frame_build_time_millis": 0.684,
  "99th_percentile_frame_build_time_millis": 1.057,
  "worst_frame_build_time_millis": 1.111,
  "missed_frame_build_budget_count": 0,
  "average_frame_rasterizer_time_millis": 2.387096000000001,
  "90th_percentile_frame_rasterizer_time_millis": 1.439,
  "99th_percentile_frame_rasterizer_time_millis": 69.338,
  "worst_frame_rasterizer_time_millis": 74.279,
  "missed_frame_rasterizer_budget_count": 3,
  "frame_count": 122,
  "frame_rasterizer_count": 125,
  "frame_build_times": [
    874,
    730,
    415,
    252,
    264,
    231,
    680,
    452,
    473,
    644,
    452,
    684,
    770,
    251,
    472,
    474,
    653,
    668,
    442,
    486,
    397,
    594,
    668,
    879,
    1049,
    607,
    391,
    418,
    560,
    613,
    605,
    373,
    572,
    566,
    601,
    401,
    372,
    333,
    1052,
    401,
    448,
    681,
    610,
    403,
    605,
    622,
    576,
    454,
    590,
    586,
    325,
    391,
    1111,
    569,
    430,
    507,
    521,
    583,
    735,
    410,
    612,
    611,
    631,
    630,
    600,
    586,
    890,
    620,
    645,
    683,
    621,
    612,
    280,
    245,
    463,
    597,
    428,
    439,
    668,
    552,
    949,
    419,
    408,
    653,
    400,
    414,
    591,
    382,
    388,
    571,
    560,
    560,
    405,
    558,
    1057,
    405,
    564,
    408,
    465,
    568,
    625,
    383,
    575,
    418,
    588,
    395,
    373,
    619,
    1018,
    407,
    384,
    411,
    569,
    366,
    380,
    560,
    579,
    415,
    392,
    324,
    400,
    396
  ],
  "frame_rasterizer_times": [
    69338,
    1561,
    17,
    1032,
    1656,
    18963,
    74279,
    563,
    604,
    1203,
    861,
    1120,
    1152,
    920,
    1069,
    721,
    510,
    1053,
    1011,
    1223,
    1377,
    1138,
    1016,
    980,
    1027,
    1287,
    770,
    1044,
    1265,
    1175,
    1025,
    1432,
    1436,
    1213,
    1128,
    1439,
    1352,
    1188,
    1131,
    1024,
    851,
    1043,
    951,
    1178,
    1263,
    1489,
    1075,
    1380,
    1475,
    1135,
    1025,
    1129,
    1136,
    861,
    1070,
    965,
    1108,
    1020,
    1170,
    1043,
    1301,
    1135,
    1026,
    1358,
    1326,
    1104,
    1280,
    1041,
    979,
    825,
    943,
    1160,
    1417,
    1488,
    1297,
    716,
    627,
    719,
    1422,
    1202,
    1089,
    1004,
    1021,
    850,
    936,
    1243,
    1247,
    1077,
    1148,
    1374,
    1067,
    1075,
    1422,
    1345,
    1139,
    936,
    981,
    902,
    999,
    1187,
    1100,
    1221,
    1469,
    1214,
    1060,
    1484,
    1212,
    1396,
    1069,
    1047,
    999,
    1147,
    995,
    1141,
    1134,
    1460,
    1024,
    1230,
    1447,
    1357,
    1196,
    1055,
    912,
    868,
    1072
  ],
  "frame_begin_times": [
    0,
    16539,
    33242,
    49695,
    66636,
    133366,
    150351,
    166476,
    184262,
    199806,
    217316,
    234273,
    249712,
    267864,
    283403,
    301371,
    316610,
    334821,
    350447,
    366404,
    383049,
    400985,
    416496,
    433216,
    451267,
    468709,
    483507,
    503006,
    517956,
    536639,
    550597,
    566578,
    587148,
    600879,
    620058,
    634890,
    651954,
    667342,
    684051,
    700638,
    717757,
    735079,
    751820,
    767956,
    785126,
    801388,
    818280,
    833074,
    850497,
    867904,
    885552,
    900041,
    916426,
    933480,
    951451,
    966543,
    986982,
    1001127,
    1018413,
    1034569,
    1053046,
    1068096,
    1086147,
    1100151,
    1118878,
    1136171,
    1150347,
    1166644,
    1185090,
    1202619,
    1218286,
    1234266,
    1251357,
    1267995,
    1285492,
    1300800,
    1318674,
    1335094,
    1353401,
    1368297,
    1383111,
    1400370,
    1419986,
    1435307,
    1450836,
    1467458,
    1485617,
    1501771,
    1516670,
    1537054,
    1550221,
    1569408,
    1584878,
    1601453,
    1616435,
    1633294,
    1653770,
    1666516,
    1684218,
    1699896,
    1716476,
    1734402,
    1752256,
    1768466,
    1783845,
    1802074,
    1819371,
    1836394,
    1850349,
    1867348,
    1883622,
    1899978,
    1916699,
    1933183,
    1951833,
    1968488,
    1984923,
    2001701,
    2016722,
    2033658,
    2051021,
    2069098
  ],
  "frame_rasterizer_begin_times": [
    0,
    69342,
    71080,
    74347,
    90799,
    107197,
    126207,
    200599,
    207127,
    224571,
    240475,
    258272,
    274007,
    291338,
    308522,
    324012,
    341673,
    357429,
    375409,
    390833,
    409020,
    424448,
    440458,
    456968,
    475147,
    490693,
    507596,
    525872,
    542963,
    557492,
    577028,
    592128,
    610873,
    624827,
    640537,
    661339,
    675056,
    694200,
    708891,
    725924,
    741257,
    758651,
    774637,
    791816,
    809376,
    826039,
    841950,
    859368,
    875621,
    892452,
    907120,
    924683,
    942081,
    959465,
    974028,
    991068,
    1007615,
    1025502,
    1040619,
    1061051,
    1075329,
    1092712,
    1108549,
    1127272,
    1142317,
    1160439,
    1174400,
    1193095,
    1210377,
    1224824,
    1240914,
    1259326,
    1276931,
    1292524,
    1308492,
    1325184,
    1341774,
    1359544,
    1375017,
    1392694,
    1409124,
    1427626,
    1442468,
    1457644,
    1474384,
    1494005,
    1509579,
    1524792,
    1541460,
    1559836,
    1575756,
    1590651,
    1611230,
    1624395,
    1643586,
    1658846,
    1675632,
    1691039,
    1707294,
    1727990,
    1740522,
    1758285,
    1774079,
    1790721,
    1808352,
    1826441,
    1842434,
    1858049,
    1876065,
    1893337,
    1910633,
    1924959,
    1941323,
    1957597,
    1973981,
    1990877,
    2007142,
    2025813,
    2042661,
    2059122,
    2075678,
    2090718,
    2107532,
    2125014,
    2143088
  ],
  "average_vsync_transitions_missed": 23.0,
  "90th_percentile_vsync_transitions_missed": 2.0,
  "99th_percentile_vsync_transitions_missed": 175.0,
  "average_vsync_frame_lag": 12679.021978021978,
  "90th_percentile_vsync_frame_lag": 17764.0,
  "99th_percentile_vsync_frame_lag": 19778.0
}