{
  "average_frame_build_time_millis": 0.5012785714285712,
  "90th_percentile_frame_build_time_millis": 0.663,
  "99th_percentile_frame_build_time_millis": 1.214,
  "worst_frame_build_time_millis": 1.377,
  "missed_frame_build_budget_count": 0,
  "average_frame_rasterizer_time_millis": 1.084271428571428,
  "90th_percentile_frame_rasterizer_time_millis": 1.405,
  "99th_percentile_frame_rasterizer_time_millis": 2.053,
  "worst_frame_rasterizer_time_millis": 2.168,
  "missed_frame_rasterizer_budget_count": 0,
  "frame_count": 140,
  "frame_rasterizer_count": 140,
  "frame_build_times": [
    704,
    599,
    423,
    450,
    607,
    591,
    408,
    372,
    321,
    553,
    393,
    362,
    542,
    342,
    648,
    248,
    269,
    250,
    288,
    189,
    335,
    300,
    494,
    231,
    435,
    488,
    430,
    387,
    845,
    319,
    216,
    410,
    389,
    726,
    383,
    328,
    510,
    337,
    331,
    332,
    398,
    534,
    830,
    289,
    557,
    357,
    599,
    377,
    301,
    484,
    369,
    380,
    264,
    330,
    597,
    555,
    1214,
    582,
    380,
    610,
    398,
    406,
    566,
    570,
    486,
    581,
    612,
    592,
    392,
    291,
    1377,
    630,
    418,
    644,
    618,
    755,
    412,
    402,
    610,
    436,
    380,
    232,
    232,
    575,
    897,
    424,
    629,
    663,
    439,
    403,
    632,
    726,
    616,
    423,
    626,
    614,
    602,
    390,
    857,
    628,
    619,
    492,
    608,
    687,
    396,
    619,
    604,
    667,
    585,
    422,
    585,
    581,
    818,
    397,
    393,
    404,
    348,
    344,
    402,
    366,
    596,
    554,
    580,
    581,
    338,
    551,
    963,
    557,
    598,
    598,
    389,
    551,
    399,
    578,
    373,
    567,
    595,
    553,
    382,
    563
  ],
  "frame_rasterizer_times": [
    1139,
    2168,
    2053,
    1457,
    1034,
    1414,
    1030,
    902,
    973,
    1330,
    1489,
    947,
    976,
    853,
    650,
    697,
    641,
    618,
    900,
    709,
    815,
    539,
    998,
    576,
    1142,
    1017,
    809,
    918,
    703,
    711,
    526,
    965,
    1006,
    1182,
    1143,
    993,
    1012,
    1026,
    840,
    946,
    917,
    934,
    859,
    647,
    1305,
    989,
    1448,
    964,
    817,
    1192,
    1109,
    1223,
    655,
    982,
    1351,
    1166,
    1113,
    1353,
    1172,
    1189,
    950,
    1155,
    1162,
    1181,
    1096,
    1459,
    1419,
    1211,
    881,
    717,
    1098,
    1173,
    1028,
    1373,
    1276,
    1175,
    1103,
    1204,
    1352,
    1180,
    664,
    645,
    573,
    1015,
    799,
    1009,
    1414,
    1150,
    1045,
    1186,
    1335,
    1113,
    1168,
    1172,
    1206,
    1451,
    1174,
    1020,
    832,
    1341,
    1156,
    1106,
    1333,
    1256,
    1141,
    1169,
    1311,
    1305,
    1403,
    983,
    991,
    1076,
    872,
    865,
    1015,
    1091,
    913,
    932,
    1123,
    1154,
    1068,
    1471,
    1047,
    1384,
    792,
    1191,
    975,
    1373,
    1176,
    1479,
    1113,
    1405,
    1081,
    1450,
    1114,
    1223,
    1100,
    1450,
    903,
    1071
  ],
  "frame_begin_times": [
    0,
    19154,
    33530,
    52811,
    67705,
    83697,
    103784,
    116896,
    136740,
    152474,
    166838,
    186613,
    202709,
    217019,
    233842,
    250499,
    266722,
    285275,
    303595,
    319370,
    336527,
    350104,
    367935,
    383379,
    400387,
    416830,
    433649,
    450106,
    466965,
    484452,
    499993,
    519022,
    533771,
    551988,
    566821,
    584088,
    601403,
    617896,
    634568,
    650935,
    669441,
    686644,
    700685,
    717241,
    737406,
    751845,
    769907,
    785263,
    800119,
    819975,
    835088,
    850274,
    866787,
    884819,
    903417,
    917392,
    934940,
    953614,
    968708,
    983861,
    1000202,
    1019170,
    1036920,
    1051431,
    1066788,
    1083735,
    1104100,
    1118491,
    1133702,
    1150448,
    1168548,
    1184976,
    1200358,
    1219517,
    1236788,
    1252541,
    1266839,
    1285325,
    1303719,
    1319457,
    1333467,
    1353377,
    1367514,
    1386171,
    1400834,
    1417732,
    1435382,
    1452998,
    1468466,
    1486978,
    1503309,
    1519168,
    1533996,
    1550367,
    1570847,
    1586374,
    1600997,
    1618025,
    1634788,
    1653738,
    1668018,
    1683848,
    1701719,
    1720396,
    1735022,
    1753690,
    1769694,
    1785408,
    1801616,
    1817710,
    1834721,
    1852918,
    1866848,
    1884891,
    1900923,
    1919496,
    1935891,
    1950127,
    1969075,
    1987011,
    2000249,
    2019319,
    2034609,
    2053847,
    2069692,
    2083605,
    2101003,
    2117406,
    2133751,
    2150246,
    2167092,
    2186270,
    2200504,
    2217059,
    2234653,
    2251232,
    2266900,
    2285486,
    2300186,
    2320068
  ],
  "frame_rasterizer_begin_times": [
    0,
    19096,
    33269,
    52585,
    67656,
    83586,
    103536,
    116602,
    136347,
    152393,
    166578,
    186320,
    202622,
    216707,
    233791,
    250076,
    266290,
    284833,
    303181,
    318915,
    336161,
    349703,
    367753,
    382908,
    400174,
    416610,
    433351,
    449842,
    467108,
    484065,
    499509,
    518730,
    533504,
    551976,
    566528,
    583764,
    601211,
    617531,
    634243,
    650585,
    669132,
    686543,
    700815,
    716835,
    737334,
    751552,
    769873,
    784955,
    799739,
    819828,
    834761,
    850002,
    866352,
    884451,
    903380,
    917315,
    935473,
    953562,
    968437,
    983836,
    999951,
    1018924,
    1036885,
    1051365,
    1066602,
    1083686,
    1104084,
    1118448,
    1133439,
    1150039,
    1169274,
    1184925,
    1200151,
    1219533,
    1236771,
    1252605,
    1266631,
    1285069,
    1303700,
    1319242,
    1333143,
    1352908,
    1367085,
    1386107,
    1401072,
    1417507,
    1435382,
    1453030,
    1468256,
    1486726,
    1503312,
    1519314,
    1533986,
    1550156,
    1570830,
    1586352,
    1600926,
    1617765,
    1634943,
    1653728,
    1668006,
    1683663,
    1701716,
    1720327,
    1734759,
    1753653,
    1769664,
    1785373,
    1801575,
    1817477,
    1834654,
    1852876,
    1867002,
    1884637,
    1900605,
    1919207,
    1935601,
    1949820,
    1968823,
    1986737,
    2000205,
    2019256,
    2034532,
    2053791,
    2069367,
    2083530,
    2101324,
    2117329,
    2133733,
    2150212,
    2166831,
    2186188,
    2200253,
    2217003,
    2234377,
    2251162,
    2266837,
    2285376,
    2299881,
    2320006
  ],
  "average_vsync_transitions_missed": 0.0,
  "90th_percentile_vsync_transitions_missed": 0.0,
  "99th_percentile_vsync_transitions_missed": 0.0,
  "average_vsync_frame_lag": 15515.728571428572,
  "90th_percentile_vsync_frame_lag": 18420.0,
  "99th_percentile_vsync_frame_lag": 19691.0
}